{
  "hash": "02b13f7a26030b0182e38aaaa34e5afa",
  "result": {
    "engine": "knitr",
    "markdown": "---\ntitle: \"Post With Code\"\nauthor: \"Harlow Malloc\"\ndate: \"2025-03-26\"\ncategories: [news, code, analysis]\nimage: \"image.jpg\"\n---\n\n\n\n\nThis is a post with executable code.\n\n\n\n\n::: {.cell}\n\n```{.r .cell-code}\n1 + 1\n```\n\n::: {.cell-output .cell-output-stdout}\n\n```\n[1] 2\n```\n\n\n:::\n:::\n",
    "supporting": [],
    "filters": [
      "rmarkdown/pagebreak.lua"
    ],
    "includes": {},
    "engineDependencies": {},
    "preserve": {},
    "postProcess": true
  }
}